"start";"end";"Type of SLM Activity";"Height.";"Height.";"Height.";"Height.";"Length";"Width.";"Width.";"Width.";"Width.";"Area Restored";"Area Improved";"Coordinate";"_Coordinate_latitude";"_Coordinate_longitude";"_Coordinate_altitude";"_Coordinate_precision";"Comments";"Name";"PES Funded";"Remark";"Height.";"_id";"_uuid";"_submission_time";"_validation_status";"_notes";"_status";"_submitted_by";"__version__";"_tags";"_index"
"2024-07-08T19:38:28.486+02:00";"2024-07-08T19:39:04.758+02:00";"Stone Bund";"";"4";"";"";"3";"";"";"";"";"";"";"";"";"";"";"";"";"";"";"";"";"357407913";"ec79cb8f-1936-4fbb-90a4-8ff1def3d774";"2024-07-08T17:39:05";"";"";"submitted_via_web";"limcom_2023";"voPdeGJXhGAS2KQMY8g97L";"";"1"
"2024-07-09T12:38:08.619+02:00";"2024-07-12T11:24:50.161+02:00";"Stone Bund";"";"1";"";"";"4";"";"1";"";"";"";"";"-21.2664109 29.0537935 900.1912841796875 4.9";"-21.2664109";"29.0537935";"900.1912841796875";"4.9";"Village";"Nhlamba under Mpisi";"No";"";"";"358962502";"d6919310-82e5-4e6a-981e-8ed5d6097266";"2024-07-12T09:24:59";"";"";"submitted_via_web";"";"v38ENX5RvJA6YaxnNRiHWW";"";"2"
"2024-07-09T14:46:11.278+02:00";"2024-07-09T14:51:22.594+02:00";"Silt Trap";"";"";"";"1";"2";"";"";"";"";"";"";"-21.327413 29.0275009 822.767822265625 4.645";"-21.327413";"29.0275009";"822.767822265625";"4.645";"Village";"Bhalula";"No";"";"";"368356183";"f7e1a998-80ff-4c3d-819a-fc654630fe09";"2024-08-07T10:14:56";"";"";"submitted_via_web";"";"v38ENX5RvJA6YaxnNRiHWW";"";"3"
"2024-07-11T11:43:18.117+02:00";"2024-07-11T11:47:43.195+02:00";"Silt Trap";"";"";"";"0.4m";"2.6m";"";"";"";"";"";"";"-21.3374541 29.0961136 832.6990966796875 4.556";"-21.3374541";"29.0961136";"832.6990966796875";"4.556";"Village";"Samlodi village";"No";"";"";"368356188";"e88cbaa2-67c0-4551-b795-134279837514";"2024-08-07T10:14:57";"";"";"submitted_via_web";"";"vdJn8xYXgjdjzkd2TZwViS";"";"4"
"2024-07-11T11:51:32.398+02:00";"2024-07-11T11:53:51.373+02:00";"Silt Trap";"";"";"";"0.26m";"3.65m";"";"";"";"";"";"";"-21.3373572 29.0961337 835.09130859375 4.288";"-21.3373572";"29.0961337";"835.09130859375";"4.288";"Village";"Samlodi village";"No";"";"";"368356191";"5195476f-9a55-4b78-8c3a-0e7ce9aa367e";"2024-08-07T10:14:57";"";"";"submitted_via_web";"";"vdJn8xYXgjdjzkd2TZwViS";"";"5"
"2024-09-17T12:15:18.013+02:00";"2024-09-17T12:20:21.741+02:00";"Stone Bund";"";"30cm";"";"";"3m
wdth 60cm";"";"";"";"";"";"";"-21.3600002 28.9660551 798.881 3.9";"-21.3600002";"28.9660551";"798.881";"3.9";"Village";"Sibangani grp";"No";"doing well";"";"384508783";"3a97fdac-018f-4c05-a41c-f21202fe147c";"2024-09-17T10:20:40";"";"";"submitted_via_web";"";"vZvwSTDpA7hbm9fBcfAUCC";"";"6"
"2024-09-17T10:43:07.199+02:00";"2024-09-17T10:47:23.477+02:00";"Silt Trap";"";"";"";"0.64";"4.53";"";"";"1.15";"";"";"";"-21.3375287 29.0957947 830.945556640625 4.824";"-21.3375287";"29.0957947";"830.945556640625";"4.824";"Village";"Ntanye";"No";"";"";"384885623";"c2bee413-3190-4334-904d-46956c503d4f";"2024-09-18T07:32:07";"";"";"submitted_via_web";"";"vthh9xMfwkLAwLCMRq7Tr3";"";"7"
"2024-09-17T10:47:54.811+02:00";"2024-09-17T10:50:37.366+02:00";"Silt Trap";"";"";"";"0.32";"3.68";"";"";"0.74";"";"";"";"-21.3374444 29.0960694 835.563720703125 4.716";"-21.3374444";"29.0960694";"835.563720703125";"4.716";"Village";"Ntanye";"No";"";"";"384885640";"ecbeca03-4d48-4b14-b689-299ceedd86d4";"2024-09-18T07:32:09";"";"";"submitted_via_web";"";"vthh9xMfwkLAwLCMRq7Tr3";"";"8"
"2024-09-17T10:50:46.587+02:00";"2024-09-17T10:52:57.136+02:00";"Silt Trap";"";"";"";"0.23";"4.75";"";"";"0.76";"";"";"";"-21.337406 29.096077 833.6710205078125 4.288";"-21.337406";"29.096077";"833.6710205078125";"4.288";"Village";"Ntanye";"No";"";"";"384885652";"1bb463c4-f947-4198-a729-913eb78f6726";"2024-09-18T07:32:09";"";"";"submitted_via_web";"";"vthh9xMfwkLAwLCMRq7Tr3";"";"9"
"2024-09-17T10:53:12.836+02:00";"2024-09-17T10:56:18.141+02:00";"Silt Trap";"";"";"";"0.19";"5.5";"";"";"0.6";"";"";"";"-21.3370655 29.0963248 834.997802734375 4.288";"-21.3370655";"29.0963248";"834.997802734375";"4.288";"Village";"Ntanye";"No";"";"";"384885656";"76d778d4-3935-469f-9668-9f129e3682c6";"2024-09-18T07:32:10";"";"";"submitted_via_web";"";"vthh9xMfwkLAwLCMRq7Tr3";"";"10"
"2024-09-17T10:57:04.242+02:00";"2024-09-17T10:59:13.869+02:00";"Silt Trap";"";"";"";"0.24";"2.30";"";"";"0.52";"";"";"";"-21.3368093 29.0965988 842.144775390625 4.824";"-21.3368093";"29.0965988";"842.144775390625";"4.824";"Village";"Ntanye";"No";"";"";"384885667";"bcb2afa6-ba7d-4868-8fc2-15edb15c9411";"2024-09-18T07:32:11";"";"";"submitted_via_web";"";"vthh9xMfwkLAwLCMRq7Tr3";"";"11"
"2024-09-17T10:59:48.792+02:00";"2024-09-17T11:02:23.185+02:00";"Silt Trap";"";"";"";"0.32";"2.46";"";"";"0.61";"";"";"";"-21.3370126 29.0972787 834.473876953125 4.716";"-21.3370126";"29.0972787";"834.473876953125";"4.716";"Village";"Ntanye";"No";"";"";"384885684";"acfe6078-2758-4835-a33f-b4a10021113e";"2024-09-18T07:32:12";"";"";"submitted_via_web";"";"vthh9xMfwkLAwLCMRq7Tr3";"";"12"
"2024-09-17T11:02:46.235+02:00";"2024-09-17T11:04:05.703+02:00";"Silt Trap";"";"";"";"0.15";"1.63";"";"";"0.42";"";"";"";"-21.3371301 29.0974163 846.500732421875 4.824";"-21.3371301";"29.0974163";"846.500732421875";"4.824";"Village";"Ntanye";"No";"";"";"384885690";"e0324ab6-66bc-479a-9bb8-757f12f55455";"2024-09-18T07:32:13";"";"";"submitted_via_web";"";"vthh9xMfwkLAwLCMRq7Tr3";"";"13"
"2024-09-17T11:04:57.213+02:00";"2024-09-17T11:06:11.715+02:00";"Silt Trap";"";"";"";"0.4";"1.32";"";"";"0.49";"";"";"";"-21.3371137 29.0974259 848.0208740234375 4.824";"-21.3371137";"29.0974259";"848.0208740234375";"4.824";"Village";"Ntanye";"No";"";"";"384885695";"acf58f90-df59-4b29-be22-dc5c11dff8f5";"2024-09-18T07:32:13";"";"";"submitted_via_web";"";"vthh9xMfwkLAwLCMRq7Tr3";"";"14"
"2024-09-17T11:07:08.689+02:00";"2024-09-17T11:08:33.873+02:00";"Silt Trap";"";"";"";"0.31";"2.05";"";"";"1.60";"";"";"";"-21.3370921 29.0975954 834.6295166015625 4.288";"-21.3370921";"29.0975954";"834.6295166015625";"4.288";"Village";"Ntanye";"No";"";"";"384885703";"86e5bf1e-21d9-4c3a-b3ac-8370f3866a54";"2024-09-18T07:32:14";"";"";"submitted_via_web";"";"vthh9xMfwkLAwLCMRq7Tr3";"";"15"
"2024-09-17T11:08:54.915+02:00";"2024-09-17T11:10:18.929+02:00";"Silt Trap";"";"";"";"0.23";"1.99";"";"";"0.6";"";"";"";"-21.3371024 29.0975945 835.1961669921875 4.824";"-21.3371024";"29.0975945";"835.1961669921875";"4.824";"Village";"Ntanye";"No";"";"";"384885712";"557740b7-a8a9-4930-9b9b-bbdd21378b7c";"2024-09-18T07:32:15";"";"";"submitted_via_web";"";"vthh9xMfwkLAwLCMRq7Tr3";"";"16"
"2024-09-17T11:10:58.262+02:00";"2024-09-17T11:12:30.717+02:00";"Silt Trap";"";"";"";"0.2";"2.93";"";"";"1.64";"";"";"";"-21.3368717 29.0975944 840.9808349609375 4.931";"-21.3368717";"29.0975944";"840.9808349609375";"4.931";"Village";"Ntanye";"No";"";"";"384885717";"01bd23d8-e1be-404f-a1a5-fba5a6a7776e";"2024-09-18T07:32:15";"";"";"submitted_via_web";"";"vthh9xMfwkLAwLCMRq7Tr3";"";"17"
"2024-07-17T10:05:00.128+02:00";"2024-07-17T10:13:18.811+02:00";"Silt Trap";"";"";"";"12cm";"610cm";"";"";"210cm";"";"";"";"-21.3290425 29.0201509 842.017 0.99";"-21.3290425";"29.0201509";"842.017";"0.99";"Village";"BHALULA";"No";"PAYE VILLAGE 
Done by 7 people for road recovering ";"";"384885725";"92a6eed8-d0b6-40e7-9eda-cb57b0adc297";"2024-09-18T07:32:16";"";"";"submitted_via_web";"";"vthh9xMfwkLAwLCMRq7Tr3";"";"18"
"2024-07-24T10:16:27.235+02:00";"2024-07-24T10:20:08.098+02:00";"Stone Bund";"";"73cm";"";"";"360cm";"";"";"";"";"";"";"-21.327061 29.0269678 818.426 1.881";"-21.327061";"29.0269678";"818.426";"1.881";"Other";"Village line BHALULA ";"No";"Done by 10 people 
";"";"384885844";"9a337788-fc22-41e2-9d6f-266ef743135f";"2024-09-18T07:32:26";"";"";"submitted_via_web";"";"vthh9xMfwkLAwLCMRq7Tr3";"";"19"
"2024-07-24T10:22:13.678+02:00";"2024-07-24T10:25:05.709+02:00";"Stone Bund";"";"67cm";"";"";"333cm";"";"";"";"";"";"";"-21.3269205 29.0267142 833.086 1.005";"-21.3269205";"29.0267142";"833.086";"1.005";"Other";"Village line BHALULA ";"No";"Done by 10 people ";"";"384885852";"3ec71f91-a27d-4c94-abfc-9499d7cd2ec0";"2024-09-18T07:32:27";"";"";"submitted_via_web";"";"vthh9xMfwkLAwLCMRq7Tr3";"";"20"
"2024-07-31T08:59:06.390+02:00";"2024-07-31T09:01:52.331+02:00";"Silt Trap";"";"";"";"54cm";"487";"";"";"56cm";"";"";"";"-21.3020181 28.9851143 787.79 0.932";"-21.3020181";"28.9851143";"787.79";"0.932";"Other";"Community ";"No";"Done by 6 people ";"";"384885867";"091737d7-bc10-424d-a8d3-537999e1607a";"2024-09-18T07:32:28";"";"";"submitted_via_web";"";"vthh9xMfwkLAwLCMRq7Tr3";"";"21"
"2024-09-04T14:35:45.056+02:00";"2024-09-04T14:39:35.846+02:00";"Stone Bund";"";"55cm";"";"";"279cm";"";"";"";"";"";"";"-21.2850775 29.0106146 852.834 1.214";"-21.2850775";"29.0106146";"852.834";"1.214";"Other";"Line";"No";"Done by line ";"";"384885881";"986b3af3-7828-49fc-9f19-531d769bb4e7";"2024-09-18T07:32:29";"";"";"submitted_via_web";"";"vthh9xMfwkLAwLCMRq7Tr3";"";"22"
"2024-09-04T14:39:46.211+02:00";"2024-09-04T14:43:22.936+02:00";"Stone Bund";"";"61cm";"";"";"289cm";"";"";"";"";"";"";"-21.2852502 29.0108548 912.028 1.217";"-21.2852502";"29.0108548";"912.028";"1.217";"Village";"PAYE salubeni line ";"No";"Done by one line ";"";"384885902";"8b83c99a-b628-436e-b39a-066bc42bb48b";"2024-09-18T07:32:31";"";"";"submitted_via_web";"";"vthh9xMfwkLAwLCMRq7Tr3";"";"23"
"2024-09-04T14:43:34.853+02:00";"2024-09-04T14:47:59.593+02:00";"Gabion";"";"";"";"";"209cm";"148cm";"50cm";"";"";"";"";"-21.2854448 29.0106145 834.26 1.557";"-21.2854448";"29.0106145";"834.26";"1.557";"Village";"PAYE salubeni line ";"No";"Done by line ";"";"384885918";"bf996943-ff95-4ef7-892c-882a6aac9096";"2024-09-18T07:32:33";"";"";"submitted_via_web";"";"vthh9xMfwkLAwLCMRq7Tr3";"";"24"
"2024-09-04T14:48:19.873+02:00";"2024-09-04T14:50:01.005+02:00";"Stone Bund";"";"68cm";"";"";"54cm";"";"";"";"";"";"";"-21.2854958 29.0106287 835.178 1.546";"-21.2854958";"29.0106287";"835.178";"1.546";"Village";"PAYE salubeni line ";"No";"Done by line ";"";"384885930";"9974ebb9-75a4-4ece-88f7-d3a14dea3bf4";"2024-09-18T07:32:34";"";"";"submitted_via_web";"";"vthh9xMfwkLAwLCMRq7Tr3";"";"25"
"2024-09-04T14:50:15.563+02:00";"2024-09-04T14:52:17.598+02:00";"Silt Trap";"";"";"";"43cm";"302cm";"";"";"131cm";"";"";"";"-21.2854855 29.0105836 840.981 1.537";"-21.2854855";"29.0105836";"840.981";"1.537";"Village";"PAYE salubeni line ";"No";"Done by line ";"";"384885945";"1f1f535f-28a7-4bba-b2f1-723508c2f0d1";"2024-09-18T07:32:35";"";"";"submitted_via_web";"";"vthh9xMfwkLAwLCMRq7Tr3";"";"26"
"2024-09-04T14:52:56.715+02:00";"2024-09-04T14:55:11.576+02:00";"Silt Trap";"";"";"";"41cm";"337cm";"";"";"97cm";"";"";"";"-21.2855229 29.0105388 842.747 1.613";"-21.2855229";"29.0105388";"842.747";"1.613";"Village";"PAYE salubeni line ";"No";"Done by line ";"";"384885969";"3874ddbd-da10-4c55-9918-dd8fb3a815c8";"2024-09-18T07:32:37";"";"";"submitted_via_web";"";"vthh9xMfwkLAwLCMRq7Tr3";"";"27"
"2024-09-04T14:55:20.290+02:00";"2024-09-04T14:59:27.109+02:00";"Silt Trap";"";"";"";"47cm";"489cm";"";"";"316";"";"";"";"-21.2855936 29.0105331 844.111 1.438";"-21.2855936";"29.0105331";"844.111";"1.438";"Village";"PAYE salubeni line ";"No";"Done by line ";"";"384886001";"5066d5cd-196a-4de1-a155-0f31fd5e19c9";"2024-09-18T07:32:39";"";"";"submitted_via_web";"";"vthh9xMfwkLAwLCMRq7Tr3";"";"28"
"2024-09-04T14:59:58.500+02:00";"2024-09-04T15:02:19.459+02:00";"Silt Trap";"";"";"";"36Ã§m";"336cm";"";"";"148cm";"";"";"";"-21.2854989 29.0106041 840.966 1.304";"-21.2854989";"29.0106041";"840.966";"1.304";"Village";"PAYE salubeni line ";"No";"Done by line ";"";"384886009";"de08ff32-d737-4f04-a014-b819d7bc95e9";"2024-09-18T07:32:40";"";"";"submitted_via_web";"";"vthh9xMfwkLAwLCMRq7Tr3";"";"29"
"2024-09-04T16:37:04.754+02:00";"2024-09-04T16:37:38.634+02:00";"Dead Level Contour";"";"";"U";"";"U";"";"";"";"";"U";"J";"";"";"";"";"";"Other";"Y";"No";"U";"";"384886030";"36bf88ed-0b1f-4b1d-86c6-6b4478e60015";"2024-09-18T07:32:41";"";"";"submitted_via_web";"";"vthh9xMfwkLAwLCMRq7Tr3";"";"30"
"2024-07-12T11:13:11.728+02:00";"2024-09-18T12:12:51.742+02:00";"Stone Bund";"";"7.2m";"";"";"0.78cm";"";"";"";"";"";"";"";"";"";"";"";"Village";"Mpisi line";"No";"";"";"384976932";"bd29cca1-a04a-4d6c-b31d-d99125f74703";"2024-09-18T10:25:47";"";"";"submitted_via_web";"";"vthh9xMfwkLAwLCMRq7Tr3";"";"31"
"2024-09-17T10:08:24.004+02:00";"2024-09-17T10:10:56.906+02:00";"Stone Bund";"";"0.3m";"";"";"3.2m";"";"";"";"";"";"";"-21.3182048 29.0868941 849.337646484375 4.824";"-21.3182048";"29.0868941";"849.337646484375";"4.824";"Village";"Switsha";"No";"";"";"386645249";"04ea2a41-143f-4603-bb7f-49cd6eb172bd";"2024-09-23T06:21:22";"";"";"submitted_via_web";"";"vZvwSTDpA7hbm9fBcfAUCC";"";"32"
"2024-09-17T10:54:01.950+02:00";"2024-09-17T10:56:09.134+02:00";"Stone Bund";"";"0.6";"";"";"4.5m";"";"";"";"";"";"";"";"";"";"";"";"Other";"Switsha";"Yes";"They are attendind weell
6.8cm
-21.3070902 29.0787331";"";"386645255";"02cd3732-4da8-4719-a3ef-7cb1dd85b54b";"2024-09-23T06:21:23";"";"";"submitted_via_web";"";"vZvwSTDpA7hbm9fBcfAUCC";"";"33"
"2024-09-17T10:56:16.270+02:00";"2024-09-17T10:58:36.315+02:00";"Stone Bund";"";"0.4m";"";"";"3m";"";"";"";"";"";"";"";"";"";"";"";"Village";"Didziro line";"No";"-21.3618686 29.1125649";"";"386645261";"8a5c287e-53af-4035-8f38-a50850ff57e5";"2024-09-23T06:21:23";"";"";"submitted_via_web";"";"vZvwSTDpA7hbm9fBcfAUCC";"";"34"
"2024-09-17T10:58:49.571+02:00";"2024-09-17T11:00:02.575+02:00";"Stone Bund";"";"0.6m";"";"";"4.4m";"";"";"";"";"";"";"";"";"";"";"";"Village";"Ntanye village";"No";"Good numbers turnout";"";"386645263";"2e1f81a2-87d9-4283-9f8e-e4dcd283eb2e";"2024-09-23T06:21:24";"";"";"submitted_via_web";"";"vZvwSTDpA7hbm9fBcfAUCC";"";"35"
"2024-09-17T11:00:20.326+02:00";"2024-09-17T11:01:42.527+02:00";"Stone Bund";"";"4m";"";"";"3.3m";"";"";"";"";"";"";"";"";"";"";"";"Village";"Switsha line";"No";"";"";"386645272";"d9991330-7b1e-44bd-8b37-30cbc16973d1";"2024-09-23T06:21:25";"";"";"submitted_via_web";"";"vZvwSTDpA7hbm9fBcfAUCC";"";"36"
"2024-09-17T11:02:16.330+02:00";"2024-09-17T11:03:08.733+02:00";"Stone Bund";"";"4.4m";"";"";"6.8m";"";"";"";"";"";"";"";"";"";"";"";"Village";"Switsha line";"No";"";"";"386645274";"5ec5309f-b7b1-47df-a40b-7c3e61415bb5";"2024-09-23T06:21:25";"";"";"submitted_via_web";"";"vZvwSTDpA7hbm9fBcfAUCC";"";"37"
"2024-09-17T11:06:31.674+02:00";"2024-09-17T11:08:21.462+02:00";"Stone Bund";"";"5m";"";"";"1.5m";"";"";"";"";"";"";"";"";"";"";"";"Village";"Mbamba line";"No";"-21.3255058 29.078969";"";"386645280";"5fb73d40-6540-4697-a03f-8a764eb08e86";"2024-09-23T06:21:26";"";"";"submitted_via_web";"";"vZvwSTDpA7hbm9fBcfAUCC";"";"38"
"2024-09-17T11:08:36.464+02:00";"2024-09-17T11:10:25.908+02:00";"Stone Bund";"";"3.4m";"";"";"1m";"";"";"";"";"";"";"";"";"";"";"";"Village";"Mbamba line";"No";"They are cooperating well
-21.3251358 29.0774882";"";"386645285";"47650978-2edc-4301-97cb-6dcf3e28d025";"2024-09-23T06:21:26";"";"";"submitted_via_web";"";"vZvwSTDpA7hbm9fBcfAUCC";"";"39"
"2024-09-17T11:11:29.539+02:00";"2024-09-17T11:12:53.312+02:00";"Stone Bund";"";"3m";"";"";"1m";"";"";"";"";"";"";"";"";"";"";"";"Other";"Mbamba line";"No";"-21.325024 29.0770701";"";"386645292";"3ba255cc-3d25-414a-879c-b2e93e332749";"2024-09-23T06:21:28";"";"";"submitted_via_web";"";"vZvwSTDpA7hbm9fBcfAUCC";"";"40"
"2024-09-17T13:19:05.236+02:00";"2024-09-17T13:21:59.345+02:00";"Stone Bund";"";"0.4";"";"";"5m";"";"";"";"";"";"";"-21.3597926 28.9654468 791.92529296875 4.288";"-21.3597926";"28.9654468";"791.92529296875";"4.288";"Other";"Sibangani line Sengezane";"No";"Width -0.7m";"";"386645296";"f597f4b2-30e8-4532-85ae-17d7b970dfed";"2024-09-23T06:21:29";"";"";"submitted_via_web";"";"vZvwSTDpA7hbm9fBcfAUCC";"";"41"
"2024-09-18T11:11:01.935+02:00";"2024-09-18T11:15:11.395+02:00";"Stone Bund";"";"0.5m";"";"";"34.6m
Width 0.6m";"";"";"";"";"";"";"-21.2608261 29.038405 830.6083984375 4.288";"-21.2608261";"29.038405";"830.6083984375";"4.288";"Village";"Nhlamba";"No";"Demonstration";"";"386645298";"f1370c7a-ef7b-4538-8465-67c5bd9d1337";"2024-09-23T06:21:29";"";"";"submitted_via_web";"";"vZvwSTDpA7hbm9fBcfAUCC";"";"42"
"2024-09-18T11:16:18.283+02:00";"2024-09-18T11:18:12.558+02:00";"Stone Bund";"";"0.7m";"";"";"7m
Width 0.9m";"";"";"";"";"";"";"-21.2606587 29.0385391 873.6412353515625 4.556";"-21.2606587";"29.0385391";"873.6412353515625";"4.556";"Village";"Nhlamba";"No";"Demonstration";"";"386645301";"be2a202a-2899-4be6-9cb5-31cff7f56159";"2024-09-23T06:21:30";"";"";"submitted_via_web";"";"vZvwSTDpA7hbm9fBcfAUCC";"";"43"
"2024-09-18T12:44:50.298+02:00";"2024-09-18T12:47:14.841+02:00";"Silt Trap";"";"";"";"0.7m";"12m";"";"0.6m";"";"";"";"";"-21.2728772 29.0540477 864.331298828125 4.645";"-21.2728772";"29.0540477";"864.331298828125";"4.645";"Village";"Nhlamba";"No";"";"";"386645305";"31b51161-e960-42d3-a0e8-06e9b7e4e285";"2024-09-23T06:21:30";"";"";"submitted_via_web";"";"vZvwSTDpA7hbm9fBcfAUCC";"";"44"
"2024-09-18T12:47:18.887+02:00";"2024-09-18T12:49:35.119+02:00";"Silt Trap";"";"";"";"0.8m";"24m";"";"0.8m";"";"";"";"";"-21.2725993 29.0542091 883.65771484375 4.716";"-21.2725993";"29.0542091";"883.65771484375";"4.716";"Village";"Nhlamba";"No";"";"";"386645311";"55f805db-d353-4996-a753-f3df62089ae7";"2024-09-23T06:21:31";"";"";"submitted_via_web";"";"vZvwSTDpA7hbm9fBcfAUCC";"";"45"
"2024-09-18T12:50:40.725+02:00";"2024-09-18T12:52:42.552+02:00";"Silt Trap";"";"";"";"0.5m";"5m";"";"0.8m";"";"";"";"";"-21.2723553 29.0542536 883.429931640625 4.645";"-21.2723553";"29.0542536";"883.429931640625";"4.645";"Village";"Nhlamba";"No";"";"";"386645315";"1a97afda-22d4-45b9-a2d1-72bdb5b848bf";"2024-09-23T06:21:31";"";"";"submitted_via_web";"";"vZvwSTDpA7hbm9fBcfAUCC";"";"46"
"2024-09-18T12:53:26.481+02:00";"2024-09-18T12:54:53.776+02:00";"Silt Trap";"";"";"";"0.2m";"6m";"";"0.7m";"";"";"";"";"-21.2719506 29.0540838 896.3011474609375 4.931";"-21.2719506";"29.0540838";"896.3011474609375";"4.931";"Village";"Nhlamba";"No";"";"";"386645321";"5c221992-c820-49d4-bdd6-aae8041de6cf";"2024-09-23T06:21:32";"";"";"submitted_via_web";"";"vZvwSTDpA7hbm9fBcfAUCC";"";"47"
"2024-09-18T11:22:47.908+02:00";"2024-09-18T11:24:58.276+02:00";"Stone Bund";"";"0.35";"";"";"6
Width =0.5";"";"";"";"";"";"";"-21.2625094 29.0420446 879.501708984375 4.931";"-21.2625094";"29.0420446";"879.501708984375";"4.931";"Village";"Nhlamba";"No";"";"";"386695915";"2b7d11f8-ffc2-4351-a9d0-81fa421adfd9";"2024-09-23T08:41:19";"";"";"submitted_via_web";"";"vthh9xMfwkLAwLCMRq7Tr3";"";"48"
"2024-09-18T11:25:16.709+02:00";"2024-09-18T11:27:37.218+02:00";"Stone Bund";"";"0.5";"";"";"7.5
Width=0.5";"";"";"";"";"";"";"-21.2623988 29.0419191 884.6954345703125 4.931";"-21.2623988";"29.0419191";"884.6954345703125";"4.931";"Village";"Nhlamba";"No";"";"";"386695921";"408de5a3-b1a5-4e6b-9a32-06745bc7356b";"2024-09-23T08:41:20";"";"";"submitted_via_web";"";"vthh9xMfwkLAwLCMRq7Tr3";"";"49"
"2024-09-18T12:53:40.485+02:00";"2024-09-18T12:56:23.850+02:00";"Silt Trap";"";"";"";"2.4";"9";"";"";"0.6";"";"";"";"-21.2717213 29.0540641 884.198486328125 4.288";"-21.2717213";"29.0540641";"884.198486328125";"4.288";"Village";"Nhlamba";"No";"";"";"386695930";"eb8b206c-505d-4ef2-bbea-cb281d7dc979";"2024-09-23T08:41:22";"";"";"submitted_via_web";"";"vthh9xMfwkLAwLCMRq7Tr3";"";"50"
"2024-09-19T10:15:43.532+02:00";"2024-09-19T10:18:40.782+02:00";"Silt Trap";"";"";"";"0.64";"7.80";"";"";"0.88";"";"";"";"-21.4420224 29.0438337 809.830078125 4.502";"-21.4420224";"29.0438337";"809.830078125";"4.502";"Village";"Bethel Line 16";"No";"";"";"386695938";"34324a93-4e04-49e3-807d-024ffcfbaac2";"2024-09-23T08:41:23";"";"";"submitted_via_web";"";"vthh9xMfwkLAwLCMRq7Tr3";"";"51"
"2024-09-19T10:19:27.083+02:00";"2024-09-19T10:22:58.801+02:00";"Silt Trap";"";"";"";"0.42";"3.06";"";"";"0.5";"";"";"";"-21.4420559 29.043677 801.827392578125 3.216";"-21.4420559";"29.043677";"801.827392578125";"3.216";"Village";"Bethel line 16";"No";"They villagers were advised not to dig stones but rather use loose rocks";"";"386695943";"919a2a88-c49f-46d0-851d-70b5071a7399";"2024-09-23T08:41:23";"";"";"submitted_via_web";"";"vthh9xMfwkLAwLCMRq7Tr3";"";"52"
"2024-09-19T10:23:14.051+02:00";"2024-09-19T10:24:48.488+02:00";"Silt Trap";"";"";"";"0.29";"1.87";"";"";"0.35";"";"";"";"-21.4420616 29.043665 800.934326171875 4.288";"-21.4420616";"29.043665";"800.934326171875";"4.288";"Village";"Bethel Line 16";"No";"";"";"386695952";"23874a4c-ad01-44a6-a2fc-a7cf0a51ca40";"2024-09-23T08:41:24";"";"";"submitted_via_web";"";"vthh9xMfwkLAwLCMRq7Tr3";"";"53"
"2024-09-19T11:00:28.837+02:00";"2024-09-19T11:04:31.711+02:00";"Silt Trap";"";"";"";"0.7";"6.30";"";"";"0.8";"";"";"";"-21.4174642 28.9869015 800.934326171875 4.288";"-21.4174642";"28.9869015";"800.934326171875";"4.288";"Village";"Sezhubane";"No";"";"";"386695958";"8e7b0c45-05cf-45a1-aff7-ee6a64291735";"2024-09-23T08:41:25";"";"";"submitted_via_web";"";"vthh9xMfwkLAwLCMRq7Tr3";"";"54"
"2024-09-19T11:05:11.643+02:00";"2024-09-19T11:07:18.995+02:00";"Silt Trap";"";"";"";"0.31";"5.25";"";"";"0.77";"";"";"";"-21.4175578 28.9866554 812.198974609375 4.645";"-21.4175578";"28.9866554";"812.198974609375";"4.645";"Village";"Sezhubane";"No";"";"";"386695960";"0500d3da-a11d-4464-ad1a-25ab56c342a6";"2024-09-23T08:41:25";"";"";"submitted_via_web";"";"vthh9xMfwkLAwLCMRq7Tr3";"";"55"
"2024-09-19T10:20:36.681+02:00";"2024-09-19T10:24:47.791+02:00";"Silt Trap";"";"";"";"61cm";"340cm";"";"";"54cm";"";"";"";"-21.4421654 29.0437581 790.008 1.757";"-21.4421654";"29.0437581";"790.008";"1.757";"Other";"Bethel 16 line";"No";"Very well ";"";"390308279";"367ac0ef-728e-4fe0-8084-bcd50c785a02";"2024-10-02T09:16:27";"";"";"submitted_via_web";"";"vthh9xMfwkLAwLCMRq7Tr3";"";"56"
"2024-09-19T10:31:20.193+02:00";"2024-09-19T10:34:07.675+02:00";"Silt Trap";"";"";"";"56cm";"573cm";"";"";"109cm";"";"";"";"-21.4416858 29.0433423 824.846 1.9";"-21.4416858";"29.0433423";"824.846";"1.9";"Other";"Bethel 16 line ";"No";"Very well ";"";"390308284";"93746472-a612-44f9-abe4-b614287e4d13";"2024-10-02T09:16:28";"";"";"submitted_via_web";"";"vthh9xMfwkLAwLCMRq7Tr3";"";"57"
"2024-09-19T10:34:51.512+02:00";"2024-09-19T10:38:07.456+02:00";"Silt Trap";"";"";"";"47cm";"260cm";"";"";"50cm";"";"";"";"-21.4415989 29.0436846 779.323 1.837";"-21.4415989";"29.0436846";"779.323";"1.837";"Other";"Bethel 16 line ";"No";"Very well ";"";"390308287";"1704e7b5-91a5-490a-83ab-52ad68896c6c";"2024-10-02T09:16:28";"";"";"submitted_via_web";"";"vthh9xMfwkLAwLCMRq7Tr3";"";"58"
"2024-10-01T12:33:42.042+02:00";"2024-10-01T12:35:34.850+02:00";"Silt Trap";"";"";"";"0.8m";"4m";"";"0.8m";"";"";"";"";"-21.2958227 29.0558135 876.27783203125 3.216";"-21.2958227";"29.0558135";"876.27783203125";"3.216";"Village";"Nhlamba";"No";"";"";"392028208";"cb93e8c1-8513-4928-8af2-be1e5fbaa9bd";"2024-10-07T07:07:34";"";"";"submitted_via_web";"";"vZvwSTDpA7hbm9fBcfAUCC";"";"59"
"2024-10-01T12:35:40.654+02:00";"2024-10-01T12:36:53.695+02:00";"Silt Trap";"";"";"";"0.5m";"5m";"";"0.4m";"";"";"";"";"-21.2959461 29.0558503 873.11376953125 4.645";"-21.2959461";"29.0558503";"873.11376953125";"4.645";"Village";"Nhlamba";"No";"";"";"392028215";"df45429d-3430-4278-b99d-dbfe6e5b7dbb";"2024-10-07T07:07:35";"";"";"submitted_via_web";"";"vZvwSTDpA7hbm9fBcfAUCC";"";"60"
"2024-10-01T12:37:09.385+02:00";"2024-10-01T12:38:36.728+02:00";"Silt Trap";"";"";"";"0.8m";"7m";"";"0.3m";"";"";"";"";"-21.2961436 29.0557404 876.864501953125 4.716";"-21.2961436";"29.0557404";"876.864501953125";"4.716";"Village";"Nhlamba";"No";"";"";"392028224";"47cb856a-aa5c-465e-96ee-cf0cc974f63c";"2024-10-07T07:07:36";"";"";"submitted_via_web";"";"vZvwSTDpA7hbm9fBcfAUCC";"";"61"
"2024-10-01T12:39:30.593+02:00";"2024-10-01T12:40:21.591+02:00";"Stone Bund";"";"0.3m";"";"";"30m";"";"";"";"";"";"";"-21.2962376 29.0557773 869.6163330078125 4.556";"-21.2962376";"29.0557773";"869.6163330078125";"4.556";"Village";"Nhlamba";"No";"Width-0.2m";"";"392028230";"616a115f-f4fa-43f6-9edf-2af1cc1b1abc";"2024-10-07T07:07:36";"";"";"submitted_via_web";"";"vZvwSTDpA7hbm9fBcfAUCC";"";"62"
"2024-10-01T12:41:52.469+02:00";"2024-10-01T12:43:39.071+02:00";"Silt Trap";"";"";"";"0.2m";"18m";"";"0.3m";"";"";"";"";"-21.2965072 29.055747 879.71533203125 3.859";"-21.2965072";"29.055747";"879.71533203125";"3.859";"Individual";"Sthabile (Nhlamba)";"No";"";"";"392028236";"3ce956ae-1884-4098-a58b-d1092f7ccd37";"2024-10-07T07:07:37";"";"";"submitted_via_web";"";"vZvwSTDpA7hbm9fBcfAUCC";"";"63"
"2024-10-01T12:45:13.587+02:00";"2024-10-01T12:46:11.155+02:00";"Silt Trap";"";"";"";"0.7m";"5m";"";"0.3m";"";"";"";"";"-21.2968116 29.0553365 876.776611328125 3.93";"-21.2968116";"29.0553365";"876.776611328125";"3.93";"Village";"Nhlamba";"No";"";"";"392028250";"24b20b3d-6b8a-44a4-a3a8-fcb79e46e231";"2024-10-07T07:07:38";"";"";"submitted_via_web";"";"vZvwSTDpA7hbm9fBcfAUCC";"";"64"
"2024-10-01T14:53:48.095+02:00";"2024-10-01T15:00:08.755+02:00";"Silt Trap";"";"";"";"0.2m";"5m";"";"0.2m";"";"";"";"";"-21.342091 28.9701339 797.31494140625 3.752";"-21.342091";"28.9701339";"797.31494140625";"3.752";"Village";"Sengezane";"No";"";"";"392028255";"1ce2e571-ed3b-4d7c-b758-69979e85940e";"2024-10-07T07:07:39";"";"";"submitted_via_web";"";"vZvwSTDpA7hbm9fBcfAUCC";"";"65"
"2024-10-01T15:00:17.339+02:00";"2024-10-01T15:01:46.049+02:00";"Stone Bund";"";"0.2m";"";"";"8m
Width-0.2m";"";"";"";"";"";"";"-21.3419628 28.9706904 806.4208984375 4.824";"-21.3419628";"28.9706904";"806.4208984375";"4.824";"Village";"Sengezane";"No";"";"";"392028264";"6df0aea1-8120-41d5-bae1-e1601a5fb332";"2024-10-07T07:07:40";"";"";"submitted_via_web";"";"vZvwSTDpA7hbm9fBcfAUCC";"";"66"
"2024-10-01T15:02:26.897+02:00";"2024-10-01T15:03:59.001+02:00";"Silt Trap";"";"";"";"0.1m";"3m";"";"0.2m";"";"";"";"";"-21.3420969 28.9711268 787.153076171875 3.216";"-21.3420969";"28.9711268";"787.153076171875";"3.216";"Village";"Sengezane";"No";"";"";"392028266";"dd2841dd-de9f-4563-b55a-08cf697b8b95";"2024-10-07T07:07:41";"";"";"submitted_via_web";"";"vZvwSTDpA7hbm9fBcfAUCC";"";"67"
"2024-10-01T15:04:34.729+02:00";"2024-10-01T15:05:17.953+02:00";"Stone Bund";"";"0.1m";"";"";"4m
0.1w";"";"";"";"";"";"";"-21.3420268 28.9714621 801.142578125 4.931";"-21.3420268";"28.9714621";"801.142578125";"4.931";"Village";"Sengezane";"No";"";"";"392028270";"a9da4690-a509-4559-96c5-9b815fb9c27c";"2024-10-07T07:07:42";"";"";"submitted_via_web";"";"vZvwSTDpA7hbm9fBcfAUCC";"";"68"
"2024-10-01T15:05:59.668+02:00";"2024-10-01T15:06:53.547+02:00";"Silt Trap";"";"";"";"0.3m";"4m";"";"0.3m";"";"";"";"";"-21.3419942 28.9717659 807.888916015625 4.073";"-21.3419942";"28.9717659";"807.888916015625";"4.073";"Village";"Sengezane";"No";"";"";"392028274";"9c7f2762-38d8-4ad7-b429-770399bed331";"2024-10-07T07:07:42";"";"";"submitted_via_web";"";"vZvwSTDpA7hbm9fBcfAUCC";"";"69"
"2024-10-01T15:07:20.830+02:00";"2024-10-01T15:08:18.099+02:00";"Silt Trap";"";"";"";"0.3m";"4m";"";"0.2m";"";"";"";"";"-21.3420299 28.971907 805.0616455078125 4.556";"-21.3420299";"28.971907";"805.0616455078125";"4.556";"Village";"Sengezane";"No";"";"";"392028279";"90054b68-b3a6-4f25-abc7-0750e48ce4a3";"2024-10-07T07:07:43";"";"";"submitted_via_web";"";"vZvwSTDpA7hbm9fBcfAUCC";"";"70"
"2024-10-01T15:08:30.144+02:00";"2024-10-01T15:09:19.345+02:00";"Silt Trap";"";"";"";"0.2m";"2m";"";"0.2m";"";"";"";"";"-21.3420065 28.9719389 807.7607421875 3.644";"-21.3420065";"28.9719389";"807.7607421875";"3.644";"Village";"Sengezane";"No";"";"";"392028287";"644fc70b-59de-4f5f-beae-cb4a1d8c2031";"2024-10-07T07:07:44";"";"";"submitted_via_web";"";"vZvwSTDpA7hbm9fBcfAUCC";"";"71"
"2024-10-01T15:09:29.289+02:00";"2024-10-01T15:10:28.247+02:00";"Silt Trap";"";"";"";"0.2m";"4m";"";"0.2m";"";"";"";"";"-21.3420043 28.9720196 796.72021484375 4.824";"-21.3420043";"28.9720196";"796.72021484375";"4.824";"Village";"Sengezane";"No";"";"";"392028292";"8233388e-8d2f-4bf5-94fc-e6ee91fa5958";"2024-10-07T07:07:44";"";"";"submitted_via_web";"";"vZvwSTDpA7hbm9fBcfAUCC";"";"72"
"2024-10-01T15:10:52.999+02:00";"2024-10-01T15:11:39.452+02:00";"Silt Trap";"";"";"";"0.3m";"3m";"";"0.3m";"";"";"";"";"-21.3420114 28.972207 803.458984375 3.43";"-21.3420114";"28.972207";"803.458984375";"3.43";"Village";"Sengezane";"No";"";"";"392028308";"fe99cade-f982-416a-a389-1a1811d8b882";"2024-10-07T07:07:46";"";"";"submitted_via_web";"";"vZvwSTDpA7hbm9fBcfAUCC";"";"73"
"2024-10-01T15:12:12.282+02:00";"2024-10-01T15:12:51.102+02:00";"Silt Trap";"";"";"";"0.4m";"4m";"";"0.4m";"";"";"";"";"-21.341936 28.972488 809.886474609375 4.288";"-21.341936";"28.972488";"809.886474609375";"4.288";"Village";"Sengezane";"No";"";"";"392028318";"6f7e6831-6b2d-42d1-be60-568a9cf129e4";"2024-10-07T07:07:47";"";"";"submitted_via_web";"";"vZvwSTDpA7hbm9fBcfAUCC";"";"74"
"2024-10-01T15:12:59.676+02:00";"2024-10-01T15:13:40.665+02:00";"Silt Trap";"";"";"";"0.3m";"4m";"";"0.3m";"";"";"";"";"-21.3419501 28.9725263 805.56689453125 3.752";"-21.3419501";"28.9725263";"805.56689453125";"3.752";"Village";"Sengezane";"No";"";"";"392028322";"9dea8b12-b468-45a1-ac52-d953f04e79a0";"2024-10-07T07:07:47";"";"";"submitted_via_web";"";"vZvwSTDpA7hbm9fBcfAUCC";"";"75"
"2024-10-01T15:17:51.599+02:00";"2024-10-01T15:18:46.010+02:00";"Silt Trap";"";"";"";"0.2m";"6m";"";"0.4m";"";"";"";"";"-21.3432004 28.9719675 798.212158203125 3.216";"-21.3432004";"28.9719675";"798.212158203125";"3.216";"Village";"Sengezane";"No";"";"";"392028329";"92baf9fd-35c9-4090-a716-715e70d35e7b";"2024-10-07T07:07:48";"";"";"submitted_via_web";"";"vZvwSTDpA7hbm9fBcfAUCC";"";"76"
"2024-10-01T15:18:58.879+02:00";"2024-10-01T15:19:53.141+02:00";"Silt Trap";"";"";"";"0.3m";"4m";"";"0.3m";"";"";"";"";"-21.3432 28.9719749 802.765625 4.645";"-21.3432";"28.9719749";"802.765625";"4.645";"Village";"Sengezane";"No";"";"";"392028336";"392f9025-5cda-4474-8792-f8419fc64756";"2024-10-07T07:07:49";"";"";"submitted_via_web";"";"vZvwSTDpA7hbm9fBcfAUCC";"";"77"
"2024-10-01T15:25:38.204+02:00";"2024-10-01T15:28:01.592+02:00";"Dead Level Contour";"";"";"0.4m";"";"50m";"";"";"";"";"";"";"-21.3434599 28.9720586 801.9420166015625 3.216";"-21.3434599";"28.9720586";"801.9420166015625";"3.216";"Village";"Sengezane";"No";"";"";"392028339";"ac9bb318-dd40-4b02-9467-17f7104c081b";"2024-10-07T07:07:49";"";"";"submitted_via_web";"";"vZvwSTDpA7hbm9fBcfAUCC";"";"78"
"2024-10-03T11:07:18.355+02:00";"2024-10-03T11:08:43.548+02:00";"Silt Trap";"";"";"";"0.2m";"12m";"";"0.4m";"";"";"";"";"-21.3550741 28.9630816 786.416015625 4.645";"-21.3550741";"28.9630816";"786.416015625";"4.645";"Village";"Sengezane";"No";"";"";"392028342";"f87bb2fe-c25a-4aa6-bb75-e1c988f6d462";"2024-10-07T07:07:50";"";"";"submitted_via_web";"";"vZvwSTDpA7hbm9fBcfAUCC";"";"79"
"2024-10-03T11:28:09.366+02:00";"2024-10-03T11:29:03.946+02:00";"Dead Level Contour";"";"";"0.3m";"";"100m";"";"";"";"";"";"";"-21.3412885 28.9764875 791.785888671875 4.288";"-21.3412885";"28.9764875";"791.785888671875";"4.288";"Individual";"Sengezane";"No";"";"";"392028345";"3bb692b0-04d5-4ac5-8e13-6bd7113f82ee";"2024-10-07T07:07:51";"";"";"submitted_via_web";"";"vZvwSTDpA7hbm9fBcfAUCC";"";"80"
"2024-10-03T11:30:38.435+02:00";"2024-10-03T11:31:57.698+02:00";"Dead Level Contour";"";"";"0.3m";"";"175m";"";"";"";"";"";"";"-21.3411236 28.9769226 815.572998046875 3.859";"-21.3411236";"28.9769226";"815.572998046875";"3.859";"Individual";"Sengezane";"No";"";"";"392028350";"bd0f32b5-707b-4eba-939c-bba694e6197f";"2024-10-07T07:07:52";"";"";"submitted_via_web";"";"vZvwSTDpA7hbm9fBcfAUCC";"";"81"
"2024-10-03T11:32:48.253+02:00";"2024-10-03T11:35:47.180+02:00";"Dead Level Contour";"";"";"0.3m";"";"150m";"";"";"";"";"";"";"-21.3407249 28.9771705 811.6572265625 3.216";"-21.3407249";"28.9771705";"811.6572265625";"3.216";"Village";"Sengezane";"No";"";"";"392028355";"6664b1d3-aa30-4f3b-b1ee-6e69204291ed";"2024-10-07T07:07:52";"";"";"submitted_via_web";"";"vZvwSTDpA7hbm9fBcfAUCC";"";"82"
"2024-10-03T11:35:52.019+02:00";"2024-10-03T11:36:36.442+02:00";"Dead Level Contour";"";"";"0.3m";"";"180m";"";"";"";"";"";"";"-21.3403772 28.9771199 816.69580078125 4.824";"-21.3403772";"28.9771199";"816.69580078125";"4.824";"Individual";"Sengezane ";"No";"";"";"392028360";"a4b333d2-21a3-4b8e-a4d0-dfe80d82a4fd";"2024-10-07T07:07:53";"";"";"submitted_via_web";"";"vZvwSTDpA7hbm9fBcfAUCC";"";"83"
"2024-10-03T11:37:43.343+02:00";"2024-10-03T11:38:32.108+02:00";"Dead Level Contour";"";"";"0.3m";"";"150m";"";"";"";"";"";"";"-21.3399659 28.9771432 814.05517578125 4.716";"-21.3399659";"28.9771432";"814.05517578125";"4.716";"Individual";"Sengezane";"No";"";"";"392028365";"95b5f719-98eb-488d-a434-e830f474f5a9";"2024-10-07T07:07:54";"";"";"submitted_via_web";"";"vZvwSTDpA7hbm9fBcfAUCC";"";"84"
"2024-10-03T11:50:07.238+02:00";"2024-10-03T11:50:55.954+02:00";"Dead Level Contour";"";"";"0.3m";"";"140m";"";"";"";"";"";"";"-21.343136 28.9704412 817.0361328125 4.645";"-21.343136";"28.9704412";"817.0361328125";"4.645";"Village";"Sengezane";"No";"";"";"392028373";"1ac35afa-cf7f-4301-ac11-0cc7a6418473";"2024-10-07T07:07:54";"";"";"submitted_via_web";"";"vZvwSTDpA7hbm9fBcfAUCC";"";"85"
"2024-10-03T11:53:06.471+02:00";"2024-10-03T11:53:49.374+02:00";"Dead Level Contour";"";"";"0.4m";"";"100m";"";"";"";"";"";"";"-21.3429099 28.9704171 803.9541015625 3.644";"-21.3429099";"28.9704171";"803.9541015625";"3.644";"Individual";"Sengezane";"No";"";"";"392028380";"65668b2e-329c-46ec-8cc9-f84972126800";"2024-10-07T07:07:55";"";"";"submitted_via_web";"";"vZvwSTDpA7hbm9fBcfAUCC";"";"86"
"2024-10-03T12:01:24.504+02:00";"2024-10-03T12:02:19.182+02:00";"Dead Level Contour";"";"";"0.5m";"";"50m";"";"";"";"";"";"";"-21.3433058 28.9684784 799.360595703125 4.824";"-21.3433058";"28.9684784";"799.360595703125";"4.824";"Individual";"Sengezane";"No";"Infiltration pit";"";"392028387";"c0c75f91-1fe0-438d-aace-fa66d42c555e";"2024-10-07T07:07:55";"";"";"submitted_via_web";"";"vZvwSTDpA7hbm9fBcfAUCC";"";"87"
"2024-10-03T12:04:59.819+02:00";"2024-10-03T12:06:00.267+02:00";"Dead Level Contour";"";"";"0.3m";"";"25m";"";"";"";"";"";"";"-21.3436683 28.9691289 821.6529541015625 4.716";"-21.3436683";"28.9691289";"821.6529541015625";"4.716";"Individual";"Sengezane";"No";"";"";"392028392";"1dfc91b7-c71f-4cdd-aee6-861d9ba6644a";"2024-10-07T07:07:56";"";"";"submitted_via_web";"";"vZvwSTDpA7hbm9fBcfAUCC";"";"88"
"2024-10-01T14:55:15.094+02:00";"2024-10-01T14:59:30.960+02:00";"Stone Bund";"";"0.3";"";"";"2
0.3";"";"";"";"";"";"";"-21.3420684 28.9703583 1034.5 4.4";"-21.3420684";"28.9703583";"1034.5";"4.4";"Village";"Sengezane";"No";"";"";"392028493";"1fb7fe0c-bccd-4489-8693-31cfba7fdb99";"2024-10-07T07:08:11";"";"";"submitted_via_web";"";"vthh9xMfwkLAwLCMRq7Tr3";"";"89"
"2024-10-01T14:59:36.503+02:00";"2024-10-01T15:02:40.092+02:00";"Silt Trap";"";"";"";"0.5";"4
";"";"";"0.5";"";"";"";"-21.3420354 28.9710115 775.6 3.85";"-21.3420354";"28.9710115";"775.6";"3.85";"Village";"Sengezane";"No";"";"";"392028497";"5b9df9b4-d47e-4baf-a305-c3c9778070b8";"2024-10-07T07:08:11";"";"";"submitted_via_web";"";"vthh9xMfwkLAwLCMRq7Tr3";"";"90"
"2024-10-01T15:03:21.773+02:00";"2024-10-01T15:04:16.962+02:00";"Silt Trap";"";"";"";"0.3";"6";"";"";"3.5";"";"";"";"-21.3419382 28.9712684 777.1 4.0";"-21.3419382";"28.9712684";"777.1";"4.0";"Village";"Sengezane";"No";"";"";"392028503";"3c2ee161-a8e0-4a26-8425-19c7ec9450d5";"2024-10-07T07:08:12";"";"";"submitted_via_web";"";"vthh9xMfwkLAwLCMRq7Tr3";"";"91"
"2024-10-01T15:04:38.227+02:00";"2024-10-01T15:05:42.672+02:00";"Silt Trap";"";"";"";"0.5";"8";"";"";"1";"";"";"";"-21.3418209 28.9712231 776.4 4.133";"-21.3418209";"28.9712231";"776.4";"4.133";"Village";"Sengezane";"No";"";"";"392028511";"77b7116c-7f41-4f2b-bced-ee2f4dd5b551";"2024-10-07T07:08:13";"";"";"submitted_via_web";"";"vthh9xMfwkLAwLCMRq7Tr3";"";"92"
"2024-10-01T15:05:46.960+02:00";"2024-10-01T15:06:57.510+02:00";"Stone Bund";"";"0.3";"";"";"5
0.3";"";"";"";"";"";"";"-21.3420487 28.9712492 776.0 4.4";"-21.3420487";"28.9712492";"776.0";"4.4";"Village";"Sengezane";"No";"";"";"392028514";"99f71802-8452-4eee-a834-8bb0606b8fe2";"2024-10-07T07:08:14";"";"";"submitted_via_web";"";"vthh9xMfwkLAwLCMRq7Tr3";"";"93"
"2024-10-01T15:07:39.388+02:00";"2024-10-01T15:08:49.868+02:00";"Silt Trap";"";"";"";"0.5";"5.5";"";"";"0.5";"";"";"";"-21.3419238 28.9717379 776.1 4.625";"-21.3419238";"28.9717379";"776.1";"4.625";"Village";"Sengezane";"No";"";"";"392028520";"fcc98043-595c-4666-99be-7dbd44afa35a";"2024-10-07T07:08:15";"";"";"submitted_via_web";"";"vthh9xMfwkLAwLCMRq7Tr3";"";"94"
"2024-10-01T15:08:54.370+02:00";"2024-10-01T15:09:45.750+02:00";"Silt Trap";"";"";"";"0.3";"4.5";"";"";"0.5";"";"";"";"-21.3419275 28.9717177 776.1 3.75";"-21.3419275";"28.9717177";"776.1";"3.75";"Village";"Sengezane";"No";"";"";"392028523";"f0c2193f-3805-4085-a295-d9befde9d70e";"2024-10-07T07:08:15";"";"";"submitted_via_web";"";"vthh9xMfwkLAwLCMRq7Tr3";"";"95"
"2024-10-01T15:10:00.939+02:00";"2024-10-01T15:10:44.098+02:00";"Silt Trap";"";"";"";"0.3";"3";"";"";"0.4";"";"";"";"-21.3417563 28.9721034 778.8 3.25";"-21.3417563";"28.9721034";"778.8";"3.25";"Village";"Sengezane";"No";"";"";"392028527";"2e007d4e-5cab-49eb-94b9-cca079a3e106";"2024-10-07T07:08:16";"";"";"submitted_via_web";"";"vthh9xMfwkLAwLCMRq7Tr3";"";"96"
"2024-10-01T15:10:59.546+02:00";"2024-10-01T15:11:43.447+02:00";"Silt Trap";"";"";"";"0.2";"1.5";"";"";"0.4";"";"";"";"-21.3419174 28.9721106 779.6 3.3";"-21.3419174";"28.9721106";"779.6";"3.3";"Village";"Sengezane";"No";"";"";"392028535";"74589b52-21ac-46ae-b908-0dae289b4a07";"2024-10-07T07:08:17";"";"";"submitted_via_web";"";"vthh9xMfwkLAwLCMRq7Tr3";"";"97"
"2024-10-01T15:12:03.188+02:00";"2024-10-01T15:12:58.201+02:00";"Silt Trap";"";"";"";"0.3";"2";"";"";"0.4";"";"";"";"-21.3419408 28.9722485 777.6 4.033";"-21.3419408";"28.9722485";"777.6";"4.033";"Village";"Sengezane";"No";"";"";"392028540";"ebbcbcf2-58d4-436c-ad4d-b5011e416fb9";"2024-10-07T07:08:18";"";"";"submitted_via_web";"";"vthh9xMfwkLAwLCMRq7Tr3";"";"98"
"2024-10-01T15:13:21.992+02:00";"2024-10-01T15:14:33.652+02:00";"Silt Trap";"";"";"";"0.2";"1.2";"";"";"0.3";"";"";"";"-21.3418893 28.9723547 777.6 4.05";"-21.3418893";"28.9723547";"777.6";"4.05";"Village";"Sengezane";"No";"";"";"392028546";"465efa6d-fd2b-4d1e-8004-61e554e5d8c7";"2024-10-07T07:08:18";"";"";"submitted_via_web";"";"vthh9xMfwkLAwLCMRq7Tr3";"";"99"
"2024-10-01T15:17:59.916+02:00";"2024-10-01T15:18:49.283+02:00";"Silt Trap";"";"";"";"0.3";"1.8";"";"";"1";"";"";"";"-21.3434867 28.9718267 778.5 4.9";"-21.3434867";"28.9718267";"778.5";"4.9";"Village";"Sengezane";"No";"";"";"392028550";"57c08345-8347-4224-a03e-12643d7989ab";"2024-10-07T07:08:19";"";"";"submitted_via_web";"";"vthh9xMfwkLAwLCMRq7Tr3";"";"100"
"2024-10-01T15:21:10.961+02:00";"2024-10-01T15:22:42.728+02:00";"Silt Trap";"";"";"";"0.7";"4";"";"";"1.5";"";"";"";"-21.343689 28.971285 776.3 3.94";"-21.343689";"28.971285";"776.3";"3.94";"Village";"Sengezane";"No";"";"";"392028561";"7aaba20e-0c45-4c58-87da-af916e153b27";"2024-10-07T07:08:20";"";"";"submitted_via_web";"";"vthh9xMfwkLAwLCMRq7Tr3";"";"101"
"2024-10-02T11:36:40.484+02:00";"2024-10-02T11:38:01.628+02:00";"Stone Bund";"";"";"";"";"";"";"";"";"";"";"";"-21.4166721 28.9595768 754.2 4.95";"-21.4166721";"28.9595768";"754.2";"4.95";"Village";"Sezhubane";"No";"Success story";"";"392028567";"b5281ad5-d6ed-4b7a-96bb-5103f8d5c529";"2024-10-07T07:08:21";"";"";"submitted_via_web";"";"vthh9xMfwkLAwLCMRq7Tr3";"";"102"
"2024-10-02T11:40:15.246+02:00";"2024-10-02T11:41:30.920+02:00";"Silt Trap";"";"";"";"1";"5.5";"";"";"1.5";"";"";"";"-21.4163978 28.9564517 759.9 4.76";"-21.4163978";"28.9564517";"759.9";"4.76";"Village";"Sezhubane";"No";"";"";"392028570";"58f3e22a-91ce-447e-9c56-f0ca3111d2c2";"2024-10-07T07:08:22";"";"";"submitted_via_web";"";"vthh9xMfwkLAwLCMRq7Tr3";"";"103"
"2024-10-02T11:41:35.386+02:00";"2024-10-02T11:43:05.661+02:00";"Silt Trap";"";"";"";"0.4";"4";"";"";"0.8";"";"";"";"-21.4162121 28.9564777 757.8 4.233";"-21.4162121";"28.9564777";"757.8";"4.233";"Village";"Sezhubane";"No";"";"";"392028575";"998c53ca-e1d7-468b-b298-2a4d4e0f0fdc";"2024-10-07T07:08:22";"";"";"submitted_via_web";"";"vthh9xMfwkLAwLCMRq7Tr3";"";"104"
"2024-10-02T11:43:09.580+02:00";"2024-10-02T11:44:29.624+02:00";"Silt Trap";"";"";"";"0.3";"4";"";"";"1";"";"";"";"-21.4162409 28.9564527 757.7 4.983";"-21.4162409";"28.9564527";"757.7";"4.983";"Village";"Sezhubane";"No";"";"";"392028584";"365513fd-b3bf-4f0d-94b8-0f8762ca9f1f";"2024-10-07T07:08:23";"";"";"submitted_via_web";"";"vthh9xMfwkLAwLCMRq7Tr3";"";"105"
"2024-10-02T11:44:37.700+02:00";"2024-10-02T11:47:10.973+02:00";"Silt Trap";"";"";"";"0.5m";"4m";"";"";"1m";"";"";"";"-21.4161629 28.956558 758.2 4.96";"-21.4161629";"28.956558";"758.2";"4.96";"Village";"Sengezane";"No";"";"";"392028594";"d0d837bd-e419-4725-a1ed-41afc02a8fac";"2024-10-07T07:08:24";"";"";"submitted_via_web";"";"vthh9xMfwkLAwLCMRq7Tr3";"";"106"
"2024-10-03T11:53:26.893+02:00";"2024-10-03T11:55:35.928+02:00";"Dead Level Contour";"";"";"0.3";"";"75";"";"";"";"";"";"";"-21.3428237 28.9708083 796.6 4.916";"-21.3428237";"28.9708083";"796.6";"4.916";"Village";"Sengezane";"No";"";"";"392028600";"7ed7f550-8835-43f8-aab9-242046cbc311";"2024-10-07T07:08:25";"";"";"submitted_via_web";"";"vthh9xMfwkLAwLCMRq7Tr3";"";"107"
"2024-10-03T12:01:55.844+02:00";"2024-10-03T12:03:17.024+02:00";"Dead Level Contour";"0.3";"";"";"";"46";"";"";"";"";"";"";"-21.3430841 28.9686135 797.1 5.0";"-21.3430841";"28.9686135";"797.1";"5.0";"Village";"Sengezane";"No";"";"";"392028603";"22e76890-fed4-4881-a8cf-43b353c5c566";"2024-10-07T07:08:25";"";"";"submitted_via_web";"";"vthh9xMfwkLAwLCMRq7Tr3";"";"108"
"2024-10-21T14:57:27.058+02:00";"2024-10-21T15:00:22.494+02:00";"Stone Bund";"";"0.4m";"";"";"6m";"";"0.3m";"";"";"";"";"-21.3402201 29.112502 0 0";"-21.3402201";"29.112502";"0";"0";"Village";"Ntanye (Mabhoyi line)";"No";"";"";"397704617";"b53a1f66-1696-45ec-b652-92500d337a5f";"2024-10-21T13:00:25";"";"";"submitted_via_web";"";"vfXqURTkiFii5mmVhHoZ7X";"";"109"
"2024-10-21T15:00:22.508+02:00";"2024-10-21T15:03:22.193+02:00";"Stone Bund";"";"0.3m";"";"";"1m";"";"0.3m";"";"";"";"";"-21.3392138 29.099277 0 0";"-21.3392138";"29.099277";"0";"0";"Village";"Ntanye (Samlodi line)";"No";"";"";"397706074";"a8856865-26aa-481a-9932-461585e8177c";"2024-10-21T13:03:23";"";"";"submitted_via_web";"";"vfXqURTkiFii5mmVhHoZ7X";"";"110"
